motif,N,K,n,x,p
DDD,1000,476,378,220,1.1402427833117267e-07
DDDDDDDD,1000,476,248,160,5.298686291555536e-10
