motif,N,K,n,x,p
DDDDD,100,43,26,25,5.016995547673665e-11
AAAAAAAAA,100,43,16,16,1.9703537163860068e-07
OOOAA,100,43,7,7,0.0020130558554555043
DDDDDD,100,43,26,25,5.016995547673665e-11
DDDDDDD,100,43,23,22,2.4503006254838174e-09
DDDDDDDD,100,43,22,21,8.322192214481074e-09
AAAAA,100,43,27,27,1.383063637466794e-13
EEEEE,100,43,27,20,0.00015487298718535317
EEDDD,100,43,15,14,1.823305150852765e-05
